condition,model,contrast,n_positions,mean_diff_pts,newcombe_lo,newcombe_hi,paired_lo,paired_hi,spans_zero,ratio_to_congruent
congruent,gpt_hi,small_minus_large,32,100.0,94.6,100.0,100.0,100.0,False,NA
congruent,gemini,small_minus_large,32,100.0,94.6,100.0,100.0,100.0,False,NA
congruent,claude_md,small_minus_large,32,100.0,94.6,100.0,100.0,100.0,False,NA
congruent_face,gpt_hi,small_minus_large,32,87.5,68.0,94.2,75.9,99.1,False,NA
congruent_face,gemini,small_minus_large,32,100.0,84.8,100.0,100.0,100.0,False,NA
congruent_face,claude_md,small_minus_large,32,6.2,-17.3,28.9,-20.1,32.6,True,NA
dims,gpt_hi,small_minus_large,32,2.1,-5.3,9.7,-6.2,10.3,True,0.02
dims,gemini,small_minus_large,32,46.9,35.8,56.8,34.5,59.3,False,0.47
dims,claude_md,small_minus_large,32,-10.4,-23.9,3.7,-24.3,3.5,True,-0.10
